sheet,row,col,type,value
Model,1,2,2,P1
Model,1,3,2,P2
Model,1,4,2,P3
Model,1,5,2,P4
Model,1,6,2,P5
Model,1,7,2,P6
Model,2,1,2,Year
Model,3,1,2,Revenue growth
Model,4,1,2,"Cost of sales, % of revenue"
Model,5,1,2,"Operating expenses, % of revenue"
Model,6,1,2,"Depreciation, % of opening PP&E"
Model,7,1,2,"Interest, % of opening debt"
Model,8,1,2,"Tax, % of profit before tax"
Model,9,1,2,"Receivables, % of revenue"
Model,10,1,2,"Payables, % of cost of sales"
Model,11,1,2,"Capital expenditure, % of revenue"
Model,12,1,2,"Dividends, % of net income"
Model,13,1,2,Scheduled debt repayment
Model,14,1,2,Revenue
Model,15,1,2,Cost of sales
Model,16,1,2,Gross profit
Model,17,1,2,Operating expenses
Model,18,1,2,Depreciation
Model,19,1,2,Operating profit
Model,20,1,2,Interest
Model,21,1,2,Profit before tax
Model,22,1,2,Tax
Model,23,1,2,Net income
Model,24,1,2,Cash
Model,25,1,2,Receivables
Model,26,1,2,PP&E
Model,27,1,2,Total assets
Model,28,1,2,Payables
Model,29,1,2,Debt
Model,30,1,2,Equity
Model,31,1,2,Liabilities and equity
Model,32,1,2,Balance check
Model,33,1,2,Change in receivables
Model,34,1,2,Change in payables
Model,35,1,2,Cash from operations
Model,36,1,2,Capital expenditure
Model,37,1,2,Debt repayment
Model,38,1,2,Dividends
Model,39,1,2,Net change in cash
Model,2,2,1,2025.0
Model,2,3,1,2026.0
Model,2,4,1,2027.0
Model,2,5,1,2028.0
Model,2,6,1,2029.0
Model,2,7,1,2030.0
Model,3,3,1,0.08
Model,3,4,1,0.07
Model,3,5,1,0.06
Model,3,6,1,0.05
Model,3,7,1,0.04
Model,13,3,1,50.0
Model,13,4,1,50.0
Model,13,5,1,50.0
Model,13,6,1,50.0
Model,13,7,1,50.0
Model,4,2,1,0.6
Model,5,2,1,0.2
Model,6,2,1,0.1
Model,7,2,1,0.05
Model,8,2,1,0.25
Model,9,2,1,0.15
Model,10,2,1,0.15
Model,11,2,1,0.08
Model,12,2,1,0.4
Model,14,2,1,1000.0
Model,24,2,1,120.0
Model,25,2,1,150.0
Model,26,2,1,600.0
Model,28,2,1,90.0
Model,29,2,1,300.0
Model,30,2,1,480.0
Model,27,2,1,870.0
Model,31,2,1,870.0
Model,32,2,1,0.0
Model,14,3,1,1080.0
Model,15,3,1,648.0
Model,16,3,1,432.0
Model,17,3,1,216.0
Model,36,3,1,-86.4
Model,18,3,1,60.0
Model,26,3,1,626.4
Model,19,3,1,156.0
Model,37,3,1,-50.0
Model,29,3,1,250.0
Model,20,3,1,15.0
Model,21,3,1,141.0
Model,22,3,1,35.25
Model,23,3,1,105.75
Model,38,3,1,-42.300000000000004
Model,25,3,1,162.0
Model,33,3,1,-12.0
Model,28,3,1,97.2
Model,34,3,1,7.200000000000003
Model,35,3,1,160.95
Model,39,3,1,-17.75000000000002
Model,24,3,1,102.24999999999997
Model,27,3,1,890.65
Model,30,3,1,543.45
Model,31,3,1,890.6500000000001
Model,32,3,1,-1.1368683772161603e-13
Model,14,4,1,1155.6000000000001
Model,15,4,1,693.36
Model,16,4,1,462.2400000000001
Model,17,4,1,231.12000000000003
Model,36,4,1,-92.44800000000001
Model,18,4,1,62.64
Model,26,4,1,656.208
Model,19,4,1,168.48000000000008
Model,37,4,1,-50.0
Model,29,4,1,200.0
Model,20,4,1,12.5
Model,21,4,1,155.98000000000008
Model,22,4,1,38.99500000000002
Model,23,4,1,116.98500000000006
Model,38,4,1,-46.794000000000025
Model,25,4,1,173.34
Model,33,4,1,-11.340000000000003
Model,28,4,1,104.004
Model,34,4,1,6.804000000000002
Model,35,4,1,175.08900000000006
Model,39,4,1,-14.152999999999977
Model,24,4,1,88.097
Model,27,4,1,917.645
Model,30,4,1,613.6410000000001
Model,31,4,1,917.6450000000001
Model,32,4,1,-1.1368683772161603e-13
Model,14,5,1,1224.9360000000001
Model,15,5,1,734.9616000000001
Model,16,5,1,489.97440000000006
Model,17,5,1,244.98720000000003
Model,36,5,1,-97.99488000000001
Model,18,5,1,65.6208
Model,26,5,1,688.5820799999999
Model,19,5,1,179.36640000000003
Model,37,5,1,-50.0
Model,29,5,1,150.0
Model,20,5,1,10.0
Model,21,5,1,169.36640000000003
Model,22,5,1,42.34160000000001
Model,23,5,1,127.02480000000003
Model,38,5,1,-50.80992000000001
Model,25,5,1,183.74040000000002
Model,33,5,1,-10.400400000000019
Model,28,5,1,110.24424
Model,34,5,1,6.24024
Model,35,5,1,188.48544
Model,39,5,1,-10.31936000000001
Model,24,5,1,77.77763999999999
Model,27,5,1,950.10012
Model,30,5,1,689.8558800000001
Model,31,5,1,950.1001200000001
Model,32,5,1,-1.1368683772161603e-13
Model,14,6,1,1286.1828000000003
Model,15,6,1,771.7096800000002
Model,16,6,1,514.4731200000001
Model,17,6,1,257.23656000000005
Model,36,6,1,-102.89462400000002
Model,18,6,1,68.85820799999999
Model,26,6,1,722.6184959999999
Model,19,6,1,188.37835200000006
Model,37,6,1,-50.0
Model,29,6,1,100.0
Model,20,6,1,7.5
Model,21,6,1,180.87835200000006
Model,22,6,1,45.219588000000016
Model,23,6,1,135.65876400000005
Model,38,6,1,-54.26350560000002
Model,25,6,1,192.92742000000004
Model,33,6,1,-9.187020000000018
Model,28,6,1,115.75645200000002
Model,34,6,1,5.512212000000019
Model,35,6,1,200.84216400000003
Model,39,6,1,-6.31596560000002
Model,24,6,1,71.46167439999996
Model,27,6,1,987.0075903999999
Model,30,6,1,771.2511384000001
Model,31,6,1,987.0075904
Model,32,6,1,-1.1368683772161603e-13
Model,14,7,1,1337.6301120000003
Model,15,7,1,802.5780672000002
Model,16,7,1,535.0520448000001
Model,17,7,1,267.52602240000004
Model,36,7,1,-107.01040896000002
Model,18,7,1,72.26184959999999
Model,26,7,1,757.36705536
Model,19,7,1,195.26417280000004
Model,37,7,1,-50.0
Model,29,7,1,50.0
Model,20,7,1,5.0
Model,21,7,1,190.26417280000004
Model,22,7,1,47.56604320000001
Model,23,7,1,142.69812960000002
Model,38,7,1,-57.07925184000001
Model,25,7,1,200.64451680000005
Model,33,7,1,-7.717096800000007
Model,28,7,1,120.38671008000003
Model,34,7,1,4.630258080000004
Model,35,7,1,211.87314048000002
Model,39,7,1,-2.216520320000015
Model,24,7,1,69.24515407999995
Model,27,7,1,1027.25672624
Model,30,7,1,856.8700161600001
Model,31,7,1,1027.25672624
Model,32,7,1,0.0
